,precision,recall,f1-score,support
healthy,0.9840300610615312,1.0,0.9919507575757577,8380.0
powdery_mildew,1.0,0.9834065397755003,0.9916338582677166,8196.0
accuracy,0.9917953667953668,0.9917953667953668,0.9917953667953668,0.9917953667953668
macro avg,0.9920150305307656,0.9917032698877501,0.9917923079217371,16576.0
weighted avg,0.9919263942866572,0.9917953667953668,0.9917940667740742,16576.0
