,precision,recall,f1-score,support
healthy,0.9834492684096906,1.0,0.9916555810859837,8200.0
powdery_mildew,1.0,0.9835243553008596,0.9916937522571326,8376.0
accuracy,0.9916747104247104,0.9916747104247104,0.9916747104247104,0.9916747104247104
macro avg,0.9917246342048454,0.9917621776504297,0.9916746666715581,16576.0
weighted avg,0.9918125000578826,0.9916747104247104,0.991674869317737,16576.0
