,precision,recall,f1-score,support
healthy,0.9955072121068811,0.9976303317535545,0.9965676411409634,8440.0
powdery_mildew,0.9975363389997536,0.9953294001966568,0.9964316475944383,8136.0
accuracy,0.9965009652509652,0.9965009652509652,0.9965009652509652,0.9965009652509652
macro avg,0.9965217755533173,0.9964798659751057,0.9964996443677008,16576.0
weighted avg,0.9965031686947436,0.9965009652509652,0.9965008914127703,16576.0
